"referenced","bytes","ext","path"
"False","86245558",".gif","media.prev-20260222-173158/animations/finfin8-orig.gif"
"False","78731692",".gif","media.prev-20260222-173158/animations/output-1.gif"
"False","60979761",".gif","media.prev-20260222-173158/animations/vr-transparent-orig.gif"
"False","57314726",".wav","media.prev-20260222-173158/audio/alius-weightlessness-outro.wav"
"False","56402192",".gif","media.prev-20260222-173158/animations/vr-flipped-transparent-orig.gif"
"False","50280794",".gif","media.prev-20260222-173158/animations/ezgif-2-0153de9630-2.gif"
"False","50239879",".gif","media.prev-20260222-173158/animations/trippy-brain-patterns-93d438-1-orig.gif"
"False","44462521",".gif","media.prev-20260222-173158/animations/forward-reverse-gif-2.gif"
"False","41048830",".wav","media.prev-20260222-173158/audio/earlylife-outro.wav"
"False","37547380",".wav","media.prev-20260222-173158/audio/sleep-outro.wav"
"False","22729920",".gif","media.prev-20260222-173158/animations/video-converted-orig.gif"
"False","17146814",".gif","media.prev-20260222-173158/animations/converted-video-orig.gif"
"False","10226700",".gif","media.prev-20260222-173158/animations/ezgif-3-aca8819603-3.gif"
"False","8848124",".mp3","media.prev-20260222-173158/audio/what-is-it-like-to-sleep-matthieu-koroma-1.mp3"
"False","7571326",".gif","media.prev-20260222-173158/animations/ezgif-4-e893a2d506-2.gif"
"False","7495438",".gif","media.prev-20260222-173158/animations/ezgif-6-694c5e7c21-2.gif"
"False","5035414",".gif","media.prev-20260222-173158/animations/ezgif-6-61cf71fce1-orig.gif"
"False","4864709",".pdf","library.prev-20260222-171600/pdfs/alius-bulletin-issue-n-2.pdf"
"False","4864709",".pdf","library.prev-20260222-173158/pdfs/alius-bulletin-issue-n-2.pdf"
"False","4864709",".pdf","library/pdfs/alius-bulletin-issue-n-2.pdf"
"False","4858806",".pdf","library.prev-20260222-171600/pdfs/alius-bulletin-n-2-2018.pdf"
"False","4858806",".pdf","library.prev-20260222-173158/pdfs/alius-bulletin-n-2-2018.pdf"
"False","4285306",".gif","media.prev-20260222-173158/animations/lung-mechanics-respiratory-coupling1-orig.gif"
"False","4129934",".pdf","library.prev-20260222-171600/pdfs/alius-bulletin-n-4.pdf"
"False","4129934",".pdf","library.prev-20260222-173158/pdfs/alius-bulletin-n-4.pdf"
"False","3416942",".pdf","library.prev-20260222-171600/pdfs/alius-bulletin-n-1.pdf"
"False","3416942",".pdf","library.prev-20260222-173158/pdfs/alius-bulletin-n-1.pdf"
"False","3154556",".pdf","library.prev-20260222-171600/pdfs/alius-bulletin-n-5.pdf"
"False","3154556",".pdf","library.prev-20260222-173158/pdfs/alius-bulletin-n-5.pdf"
"False","2767942",".png","media.prev-20260222-173158/images/alius-flyer.png"
"False","2566416",".pdf","library.prev-20260222-171600/pdfs/programme-neurosciences-et-engagement-hommage-a-tiziana-zalla.pdf"
"False","2566416",".pdf","library.prev-20260222-173158/pdfs/programme-neurosciences-et-engagement-hommage-a-tiziana-zalla.pdf"
"False","2535033",".png","media.prev-20260222-171600/images/meze-orig.png"
"False","2535033",".png","media.prev-20260222-173158/images/meze-orig.png"
"False","2320979",".png","media.prev-20260222-171600/images/lunch-orig.png"
"False","2320979",".png","media.prev-20260222-173158/images/lunch-orig.png"
"False","2258634",".png","media.prev-20260222-171600/images/phenoneologicalplayground-orig.png"
"False","2258634",".png","media.prev-20260222-173158/images/phenoneologicalplayground-orig.png"
"False","2228351",".png","media.prev-20260222-171600/images/pegasustaxi-orig.png"
"False","2228351",".png","media.prev-20260222-173158/images/pegasustaxi-orig.png"
"False","2215911",".png","media.prev-20260222-171600/images/nature1-orig.png"
"False","2215911",".png","media.prev-20260222-173158/images/nature1-orig.png"
"False","2196776",".png","media.prev-20260222-171600/images/siesta-orig.png"
"False","2196776",".png","media.prev-20260222-173158/images/siesta-orig.png"
"False","2194512",".png","media.prev-20260222-171600/images/meditation-orig.png"
"False","2194512",".png","media.prev-20260222-173158/images/meditation-orig.png"
"False","2105037",".png","media.prev-20260222-171600/images/stratos-orig.png"
"False","2105037",".png","media.prev-20260222-173158/images/stratos-orig.png"
"False","2095274",".gif","media.prev-20260222-173158/images/alterationconsciousness7-orig.gif"
"False","2083947",".png","media.prev-20260222-171600/images/morningglory-orig.png"
"False","2083947",".png","media.prev-20260222-173158/images/morningglory-orig.png"
"False","2056336",".png","media.prev-20260222-173158/images/175320762717901005-4-orig.png"
"False","2005413",".gif","media.prev-20260222-173158/images/breathink-fast-orig.gif"
"False","1894260",".pdf","library.prev-20260222-171600/pdfs/alius-bulletin-3-v-29e-08-2019.pdf"
"False","1894260",".pdf","library.prev-20260222-173158/pdfs/alius-bulletin-3-v-29e-08-2019.pdf"
"False","1585242",".gif","media.prev-20260222-173158/images/bioresponsive-mechanics-orig.gif"
"False","1552876",".png","media.prev-20260222-171600/images/flerner-orig.png"
"False","1552876",".png","media.prev-20260222-173158/images/flerner-orig.png"
"False","1544636",".png","media.prev-20260222-173158/images/breakfast-orig.png"
"False","1486782",".png","media.prev-20260222-171600/images/dinner-orig.png"
"False","1486782",".png","media.prev-20260222-173158/images/dinner-orig.png"
"False","1391638",".gif","media.prev-20260222-171600/images/output-lossless-1.gif"
"False","1391638",".gif","media.prev-20260222-173158/images/output-lossless-1.gif"
"False","1372991",".png","media.prev-20260222-171600/images/sunset-orig.png"
"False","1372991",".png","media.prev-20260222-173158/images/sunset-orig.png"
"False","1281007",".pdf","library.prev-20260222-171600/pdfs/theuseofpsychedelicsinthetreatmentofdisordersofconsciousness-ogosseries-ready2.pdf"
"False","1281007",".pdf","library.prev-20260222-173158/pdfs/theuseofpsychedelicsinthetreatmentofdisordersofconsciousness-ogosseries-ready2.pdf"
"False","1264002",".png","media.prev-20260222-173158/images/chiara-caporuscio-orig.png"
"False","1261972",".png","media.prev-20260222-171600/images/screenshot-2025-05-28-at-12-32-03-noah-clark-circle-1.png"
"False","1261972",".png","media.prev-20260222-173158/images/screenshot-2025-05-28-at-12-32-03-noah-clark-circle-1.png"
"False","1166877",".png","media.prev-20260222-171600/images/vrachos-3.png"
"False","1166877",".png","media.prev-20260222-173158/images/vrachos-3.png"
"False","1137049",".png","media.prev-20260222-171600/images/fee56bb6-3d93-4507-be3f-9c0829aa44d8-kazuya-horibe-circle-orig.png"
"False","1137049",".png","media.prev-20260222-173158/images/fee56bb6-3d93-4507-be3f-9c0829aa44d8-kazuya-horibe-circle-orig.png"
"False","1093770",".png","media.prev-20260222-171600/images/img-20250208-141117-philipp-th-lke-circle-1.png"
"False","1093770",".png","media.prev-20260222-173158/images/img-20250208-141117-philipp-th-lke-circle-1.png"
"False","990224",".png","media.prev-20260222-171600/images/member1-antoine-bellemare-circle-1.png"
"False","990224",".png","media.prev-20260222-173158/images/member1-antoine-bellemare-circle-1.png"
"False","973614",".png","media.prev-20260222-173158/images/amiruz-1.png"
"False","972914",".png","media.prev-20260222-171600/images/vr-woman-transparent-orig.png"
"False","972914",".png","media.prev-20260222-173158/images/vr-woman-transparent-orig.png"
"False","965916",".png","media.prev-20260222-171600/images/vbichakis-2.png"
"False","965916",".png","media.prev-20260222-173158/images/vbichakis-2.png"
"False","964981",".png","media.prev-20260222-173158/images/174299951787553162-2-orig.png"
"False","925858",".png","media.prev-20260222-173158/images/175320762717901005-orig.png"
"False","920316",".png","media.prev-20260222-173158/images/171681742527888587-2-orig.png"
"False","897024",".png","media.prev-20260222-171600/images/m3cs-mypic-fullres-edited-cropped-vismay-agrawal-2.png"
"False","897024",".png","media.prev-20260222-173158/images/m3cs-mypic-fullres-edited-cropped-vismay-agrawal-2.png"
"False","895365",".pdf","library.prev-20260222-171600/pdfs/alius-workshop-2017-flyer.pdf"
"False","895365",".pdf","library.prev-20260222-173158/pdfs/alius-workshop-2017-flyer.pdf"
"False","892198",".png","media.prev-20260222-173158/images/174196685914705463-1.png"
"False","891444",".png","media.prev-20260222-171600/images/photo-romy-circle-2.png"
"False","891444",".png","media.prev-20260222-173158/images/photo-romy-circle-2.png"
"False","888288",".png","media.prev-20260222-173158/images/174247602451066067-7-orig.png"
"False","873038",".pdf","library.prev-20260222-171600/pdfs/near-death-experience-in-the-public-debate.pdf"
"False","873038",".pdf","library.prev-20260222-173158/pdfs/near-death-experience-in-the-public-debate.pdf"
"False","870212",".png","media.prev-20260222-171600/images/taylorh-color-headshot-hector-taylor-circle-1.png"
"False","870212",".png","media.prev-20260222-173158/images/taylorh-color-headshot-hector-taylor-circle-1.png"
"False","866781",".pdf","library.prev-20260222-171600/pdfs/are-the-subjective-effects-of-psychedelics-necessary-for-their-enduring-therapeutic-effects-alius-bulletin-5.pdf"
"False","866781",".pdf","library.prev-20260222-173158/pdfs/are-the-subjective-effects-of-psychedelics-necessary-for-their-enduring-therapeutic-effects-alius-bulletin-5.pdf"
"False","866781",".pdf","library/pdfs/are-the-subjective-effects-of-psychedelics-necessary-for-their-enduring-therapeutic-effects-alius-bulletin-5.pdf"
"False","846656",".pdf","library.prev-20260222-171600/pdfs/workshop-flyer.pdf"
"False","846656",".pdf","library.prev-20260222-173158/pdfs/workshop-flyer.pdf"
"False","756170",".pdf","library.prev-20260222-171600/pdfs/friston-of-woodlice-and-men.pdf"
"False","756170",".pdf","library.prev-20260222-173158/pdfs/friston-of-woodlice-and-men.pdf"
"False","733488",".pdf","library.prev-20260222-171600/pdfs/bulletin03-winkelmaninterview.pdf"
"False","733488",".pdf","library.prev-20260222-173158/pdfs/bulletin03-winkelmaninterview.pdf"
"False","723089",".png","media.prev-20260222-171600/images/michael-lifshitz-headshot-michael-lifshitz-circle-2.png"
"False","723089",".png","media.prev-20260222-173158/images/michael-lifshitz-headshot-michael-lifshitz-circle-2.png"
"False","720133",".png","media.prev-20260222-171600/images/program-orig.png"
"False","720133",".png","media.prev-20260222-173158/images/program-orig.png"
"False","686649",".png","media.prev-20260222-173158/images/17515524289209725-orig.png"
"False","671528",".pdf","library.prev-20260222-171600/pdfs/are-the-subjective-effects-of-psychedelics-necessary-for-their-enduring-therapeutic-effects.pdf"
"False","671528",".pdf","library.prev-20260222-173158/pdfs/are-the-subjective-effects-of-psychedelics-necessary-for-their-enduring-therapeutic-effects.pdf"
"False","663512",".pdf","library.prev-20260222-171600/pdfs/are-the-subjective-effects-of-psychedelics-necessary-for-their-enduring-therapeutic-effects-aliusbulletin5.pdf"
"False","663512",".pdf","library.prev-20260222-173158/pdfs/are-the-subjective-effects-of-psychedelics-necessary-for-their-enduring-therapeutic-effects-aliusbulletin5.pdf"
"False","663512",".pdf","library/pdfs/are-the-subjective-effects-of-psychedelics-necessary-for-their-enduring-therapeutic-effects-aliusbulletin5.pdf"
"False","663265",".pdf","library.prev-20260222-171600/pdfs/are-the-subjective-effects-of-psychedelics-necessary-for-their-enduring-therapeutic-effects-alius-bulletin.pdf"
"False","663265",".pdf","library.prev-20260222-173158/pdfs/are-the-subjective-effects-of-psychedelics-necessary-for-their-enduring-therapeutic-effects-alius-bulletin.pdf"
"False","663265",".pdf","library/pdfs/are-the-subjective-effects-of-psychedelics-necessary-for-their-enduring-therapeutic-effects-alius-bulletin.pdf"
"False","663122",".pdf","library.prev-20260222-171600/pdfs/are-the-subjective-effects-of-psychedelics-necessary-for-their-enduring-therapeutic-effects-alius.pdf"
"False","663122",".pdf","library.prev-20260222-173158/pdfs/are-the-subjective-effects-of-psychedelics-necessary-for-their-enduring-therapeutic-effects-alius.pdf"
"False","663122",".pdf","library/pdfs/are-the-subjective-effects-of-psychedelics-necessary-for-their-enduring-therapeutic-effects-alius.pdf"
"False","662944",".pdf","library.prev-20260222-171600/pdfs/are-the-subjective-effects-of-psychedelics-necessary-for-their-enduring-therapeutic-effects-alius-bulletin5.pdf"
"False","662944",".pdf","library.prev-20260222-173158/pdfs/are-the-subjective-effects-of-psychedelics-necessary-for-their-enduring-therapeutic-effects-alius-bulletin5.pdf"
"False","662944",".pdf","library/pdfs/are-the-subjective-effects-of-psychedelics-necessary-for-their-enduring-therapeutic-effects-alius-bulletin5.pdf"
"False","662700",".pdf","library.prev-20260222-171600/pdfs/are-the-subjective-effects-of-psychedelics-necessary-for-their-enduring-therapeutic-effects-aliusbulletin.pdf"
"False","662700",".pdf","library.prev-20260222-173158/pdfs/are-the-subjective-effects-of-psychedelics-necessary-for-their-enduring-therapeutic-effects-aliusbulletin.pdf"
"False","662700",".pdf","library/pdfs/are-the-subjective-effects-of-psychedelics-necessary-for-their-enduring-therapeutic-effects-aliusbulletin.pdf"
"False","654284",".pdf","library.prev-20260222-171600/pdfs/je-images-visionnaires-programme-complet-cdf-2.pdf"
"False","654284",".pdf","library.prev-20260222-173158/pdfs/je-images-visionnaires-programme-complet-cdf-2.pdf"
"False","650760",".jpg","uploads/9/1/6/0/91600416/background-images/1734150088.jpg"
"False","628774",".pdf","library.prev-20260222-171600/pdfs/images-visionnaires-programme-et-argument.pdf"
"False","628774",".pdf","library.prev-20260222-173158/pdfs/images-visionnaires-programme-et-argument.pdf"
"False","628774",".pdf","library/pdfs/images-visionnaires-programme-et-argument.pdf"
"False","625444",".png","media.prev-20260222-171600/images/me-green-vince-polito-circle-1.png"
"False","625444",".png","media.prev-20260222-173158/images/me-green-vince-polito-circle-1.png"
"False","604073",".gif","media.prev-20260222-173158/images/alius-eventbanner-psychedelcis-meditation-template-fin-jc-nr09-1.gif"
"False","582822",".pdf","library.prev-20260222-171600/pdfs/friston-am-i-autistic.pdf"
"False","582822",".pdf","library.prev-20260222-173158/pdfs/friston-am-i-autistic.pdf"
"False","534298",".js","assets/vendor/editmysite/cdn11.editmysite.com/js/site/main-customer-accounts-site.js"
"False","528404",".pdf","library.prev-20260222-171600/pdfs/what-is-it-like-to-in-weightlessness-steven-jillings.pdf"
"False","528404",".pdf","library.prev-20260222-173158/pdfs/what-is-it-like-to-in-weightlessness-steven-jillings.pdf"
"False","528404",".pdf","library/pdfs/what-is-it-like-to-in-weightlessness-steven-jillings.pdf"
"False","523477",".png","media.prev-20260222-171600/images/yannharel-orig.png"
"False","523477",".png","media.prev-20260222-173158/images/yannharel-orig.png"
"False","518220",".png","media.prev-20260222-173158/images/chatgpt-image-jun-26-2025-02-33-01-pm-orig.png"
"False","515915",".pdf","library.prev-20260222-171600/pdfs/phenomenoconnectomics-and-the-neural-correlates-of-altered-consciousness.pdf"
"False","515915",".pdf","library.prev-20260222-173158/pdfs/phenomenoconnectomics-and-the-neural-correlates-of-altered-consciousness.pdf"
"False","509384",".pdf","library.prev-20260222-171600/pdfs/phenomenoconnectomics-and-the-neural-correlates-of-altered-consciousness-alius.pdf"
"False","509384",".pdf","library.prev-20260222-173158/pdfs/phenomenoconnectomics-and-the-neural-correlates-of-altered-consciousness-alius.pdf"
"False","509384",".pdf","library/pdfs/phenomenoconnectomics-and-the-neural-correlates-of-altered-consciousness-alius.pdf"
"False","492465",".png","media.prev-20260222-171600/images/makino-2-yutaka-makino-circle-1.png"
"False","492465",".png","media.prev-20260222-173158/images/makino-2-yutaka-makino-circle-1.png"
"False","459918",".pdf","library.prev-20260222-171600/pdfs/flyer-je-images-visionnaires-cdf-2.pdf"
"False","459918",".pdf","library.prev-20260222-173158/pdfs/flyer-je-images-visionnaires-cdf-2.pdf"
"False","452669",".png","media.prev-20260222-171600/images/tobias-orig.png"
"False","452669",".png","media.prev-20260222-173158/images/tobias-orig.png"
"False","443650",".pdf","library.prev-20260222-171600/pdfs/voix-et-vision-programme.pdf"
"False","443650",".pdf","library.prev-20260222-173158/pdfs/voix-et-vision-programme.pdf"
"False","436767",".png","media.prev-20260222-171600/images/trevelinformationbutton-orig.png"
"False","436767",".png","media.prev-20260222-173158/images/trevelinformationbutton-orig.png"
"False","436389",".pdf","library.prev-20260222-171600/pdfs/bodymeetsself-fdevignemont-ready.pdf"
"False","436389",".pdf","library.prev-20260222-173158/pdfs/bodymeetsself-fdevignemont-ready.pdf"
"False","436106",".pdf","library.prev-20260222-171600/pdfs/bodymeetself-fdevignemont-ready.pdf"
"False","436106",".pdf","library.prev-20260222-173158/pdfs/bodymeetself-fdevignemont-ready.pdf"
"False","436106",".pdf","library/pdfs/bodymeetself-fdevignemont-ready.pdf"
"False","431737",".pdf","library.prev-20260222-171600/pdfs/nichols-psychedelics.pdf"
"False","431737",".pdf","library.prev-20260222-173158/pdfs/nichols-psychedelics.pdf"
"False","431737",".pdf","library/pdfs/nichols-psychedelics.pdf"
"False","427839",".png","media.prev-20260222-173158/images/175320762717901005-3-orig.png"
"False","419403",".pdf","library.prev-20260222-171600/pdfs/flyer-je-images-visionnaires.pdf"
"False","419403",".pdf","library.prev-20260222-173158/pdfs/flyer-je-images-visionnaires.pdf"
"False","419403",".pdf","library/pdfs/flyer-je-images-visionnaires.pdf"
"False","401553",".gif","media.prev-20260222-173158/images/alius-tulpa-banner-4.gif"
"False","398668",".pdf","library.prev-20260222-171600/pdfs/bodily-boundaries-and-beyond-lenggenhager-ready.pdf"
"False","398668",".pdf","library.prev-20260222-173158/pdfs/bodily-boundaries-and-beyond-lenggenhager-ready.pdf"
"False","391091",".gif","media.prev-20260222-173158/images/alius-eventbanner-template-jc-nr04-2.gif"
"False","389661",".pdf","library.prev-20260222-171600/pdfs/how-culture-breaks-down-the-mind-body-divide.pdf"
"False","389661",".pdf","library.prev-20260222-173158/pdfs/how-culture-breaks-down-the-mind-body-divide.pdf"
"False","384085",".pdf","library.prev-20260222-171600/pdfs/how-culture-breaks-down-the-mind-body-divide-bulletin5.pdf"
"False","384085",".pdf","library.prev-20260222-173158/pdfs/how-culture-breaks-down-the-mind-body-divide-bulletin5.pdf"
"False","384085",".pdf","library/pdfs/how-culture-breaks-down-the-mind-body-divide-bulletin5.pdf"
"False","382800",".pdf","library.prev-20260222-171600/pdfs/gonz-lez-alius-n-6.pdf"
"False","382800",".pdf","library.prev-20260222-173158/pdfs/gonz-lez-alius-n-6.pdf"
"False","382800",".pdf","library/pdfs/gonz-lez-alius-n-6.pdf"
"False","382717",".pdf","library.prev-20260222-171600/pdfs/gonz-lez-alius-6.pdf"
"False","382717",".pdf","library.prev-20260222-173158/pdfs/gonz-lez-alius-6.pdf"
"False","382717",".pdf","library/pdfs/gonz-lez-alius-6.pdf"
"False","381085",".pdf","library.prev-20260222-171600/pdfs/gonz-lez-alius-bulletin-6.pdf"
"False","381085",".pdf","library.prev-20260222-173158/pdfs/gonz-lez-alius-bulletin-6.pdf"
"False","381085",".pdf","library/pdfs/gonz-lez-alius-bulletin-6.pdf"
"False","380891",".pdf","library.prev-20260222-171600/pdfs/gonz-lez-alius-bulletin-n-6.pdf"
"False","380891",".pdf","library.prev-20260222-173158/pdfs/gonz-lez-alius-bulletin-n-6.pdf"
"False","380851",".pdf","library.prev-20260222-171600/pdfs/gonz-lez-koroma-alius-bulletin-6.pdf"
"False","380851",".pdf","library.prev-20260222-173158/pdfs/gonz-lez-koroma-alius-bulletin-6.pdf"
"False","380851",".pdf","library/pdfs/gonz-lez-koroma-alius-bulletin-6.pdf"
"False","379421",".pdf","library.prev-20260222-171600/pdfs/windt-relocating-dreams-on-the-conceptual-map.pdf"
"False","379421",".pdf","library.prev-20260222-173158/pdfs/windt-relocating-dreams-on-the-conceptual-map.pdf"
"False","366683",".png","media.prev-20260222-171600/images/img-2126-natalia-santander-circle-orig.png"
"False","366683",".png","media.prev-20260222-173158/images/img-2126-natalia-santander-circle-orig.png"
"False","362209",".pdf","library.prev-20260222-171600/pdfs/internallygeneratedconsciousactivity-bbaird-ready.pdf"
"False","362209",".pdf","library.prev-20260222-173158/pdfs/internallygeneratedconsciousactivity-bbaird-ready.pdf"
"False","351501",".gif","media.prev-20260222-173158/images/alius-eventbanner-template-jc-nr12-orig.gif"
"False","345513",".gif","media.prev-20260222-173158/images/alius-eventbanner-template-jc-nr16-2.gif"
"False","341682",".gif","media.prev-20260222-173158/images/alius-eventbanner-template-jc-nr14-3.gif"
"False","340642",".png","media.prev-20260222-173158/images/attendees-orig.png"
"False","333699",".png","media.prev-20260222-173158/images/175320762717901005-2-orig.png"
"False","332790",".pdf","library.prev-20260222-171600/pdfs/doss-m-fejer-g-2024-on-the-cinco-sins-of-psychedelic-research-an-interview-with-manoj-doss-by-george-fejer-alius-bulletin-6-https-doi-org-https-doi-org-10-5281-zenodo-10797875-docx.pdf"
"False","332790",".pdf","library.prev-20260222-173158/pdfs/doss-m-fejer-g-2024-on-the-cinco-sins-of-psychedelic-research-an-interview-with-manoj-doss-by-george-fejer-alius-bulletin-6-https-doi-org-https-doi-org-10-5281-zenodo-10797875-docx.pdf"
"False","327343",".pdf","library.prev-20260222-171600/pdfs/theneuroscienceofdecisionmaking-tdhanks-ready.pdf"
"False","327343",".pdf","library.prev-20260222-173158/pdfs/theneuroscienceofdecisionmaking-tdhanks-ready.pdf"
"False","319187",".pdf","library.prev-20260222-171600/pdfs/metzinger-splendor-misery-of-self-models.pdf"
"False","319187",".pdf","library.prev-20260222-173158/pdfs/metzinger-splendor-misery-of-self-models.pdf"
"False","315556",".pdf","library.prev-20260222-171600/pdfs/indian-philosophy-and-the-value-of-transformative-experiences.pdf"
"False","315556",".pdf","library.prev-20260222-173158/pdfs/indian-philosophy-and-the-value-of-transformative-experiences.pdf"
"False","315143",".pdf","library.prev-20260222-171600/pdfs/fox-wandering-along-the-spectrum-of-spontaneous-thinking.pdf"
"False","315143",".pdf","library.prev-20260222-173158/pdfs/fox-wandering-along-the-spectrum-of-spontaneous-thinking.pdf"
"False","315064",".png","media.prev-20260222-173158/images/bewerbungsfoto-aline-frick-circle-1.png"
"False","308999",".pdf","library.prev-20260222-171600/pdfs/indian-philosophy-and-the-value-of-transformative-experiences-alius-bulletin-5.pdf"
"False","308999",".pdf","library.prev-20260222-173158/pdfs/indian-philosophy-and-the-value-of-transformative-experiences-alius-bulletin-5.pdf"
"False","308999",".pdf","library/pdfs/indian-philosophy-and-the-value-of-transformative-experiences-alius-bulletin-5.pdf"
"False","296915",".pdf","library.prev-20260222-171600/pdfs/alius-interview-robert-sapolsky-2022-1.pdf"
"False","296915",".pdf","library.prev-20260222-173158/pdfs/alius-interview-robert-sapolsky-2022-1.pdf"
"False","296915",".pdf","library/pdfs/alius-interview-robert-sapolsky-2022-1.pdf"
"False","296824",".pdf","library.prev-20260222-171600/pdfs/alius-interview-robert-sapolsky-2022-2.pdf"
"False","296824",".pdf","library.prev-20260222-173158/pdfs/alius-interview-robert-sapolsky-2022-2.pdf"
"False","296824",".pdf","library/pdfs/alius-interview-robert-sapolsky-2022-2.pdf"
"False","285210",".pdf","library.prev-20260222-171600/pdfs/thedimensionsofconsciousness-ocarter-ready.pdf"
"False","285210",".pdf","library.prev-20260222-173158/pdfs/thedimensionsofconsciousness-ocarter-ready.pdf"
"False","283960",".pdf","library.prev-20260222-171600/pdfs/carhart-harris-psychedelics-and-consciousness.pdf"
"False","283960",".pdf","library.prev-20260222-173158/pdfs/carhart-harris-psychedelics-and-consciousness.pdf"
"False","276318",".gif","media.prev-20260222-173158/images/alius-eventbanner-template-jc-nr11-1.gif"
"False","274723",".jpg","media.prev-20260222-171600/images/dsc-0244-orig.jpg"
"False","274723",".jpg","media.prev-20260222-173158/images/dsc-0244-orig.jpg"
"False","271139",".png","media.prev-20260222-173158/images/175094168974928682-3.png"
"False","245005",".pdf","library.prev-20260222-171600/pdfs/taves-conceptual-anthropological-and-cognitive-issues-surrounding-religious-experience.pdf"
"False","245005",".pdf","library.prev-20260222-173158/pdfs/taves-conceptual-anthropological-and-cognitive-issues-surrounding-religious-experience.pdf"
"False","233275",".pdf","library.prev-20260222-171600/pdfs/tributetomartinfortier-ready.pdf"
"False","233275",".pdf","library.prev-20260222-173158/pdfs/tributetomartinfortier-ready.pdf"
"False","231933",".jpg","assets/vendor/weebly-site.prev-20260222-173158/files/theme/files/images/default_header.jpg"
"False","231933",".jpg","assets/vendor/weebly-site/files/theme/files/images/default_header.jpg"
"False","228294",".pdf","library.prev-20260222-171600/pdfs/lurhmann-the-anthropology-of-mind.pdf"
"False","228294",".pdf","library.prev-20260222-173158/pdfs/lurhmann-the-anthropology-of-mind.pdf"
"False","222998",".pdf","library.prev-20260222-171600/pdfs/dmt-in-the-mammalian-brain-nichols-nichols-ready.pdf"
"False","222998",".pdf","library.prev-20260222-173158/pdfs/dmt-in-the-mammalian-brain-nichols-nichols-ready.pdf"
"False","217596",".jpg","media.prev-20260222-171600/images/pxl-20220516-153551509-1.jpg"
"False","217596",".jpg","media.prev-20260222-173158/images/pxl-20220516-153551509-1.jpg"
"False","209560",".ttf","assets/vendor/editmysite/cdn11.editmysite.com/fonts/Proxima-Light/267447_4_0.ttf"
"False","207974",".pdf","library.prev-20260222-171600/pdfs/what-is-it-like-to-in-weightlessness-steven-jillings-1.pdf"
"False","207974",".pdf","library.prev-20260222-173158/pdfs/what-is-it-like-to-in-weightlessness-steven-jillings-1.pdf"
"False","207974",".pdf","library/pdfs/what-is-it-like-to-in-weightlessness-steven-jillings-1.pdf"
"False","207803",".pdf","library.prev-20260222-171600/pdfs/what-is-it-like-to-in-weightlessness-steven-jillings-google-docs.pdf"
"False","207803",".pdf","library.prev-20260222-173158/pdfs/what-is-it-like-to-in-weightlessness-steven-jillings-google-docs.pdf"
"False","207803",".pdf","library/pdfs/what-is-it-like-to-in-weightlessness-steven-jillings-google-docs.pdf"
"False","207048",".pdf","library.prev-20260222-171600/pdfs/ratcliffe-verbal-hallucinations-intentionality-and-interpersonal-experience.pdf"
"False","207048",".pdf","library.prev-20260222-173158/pdfs/ratcliffe-verbal-hallucinations-intentionality-and-interpersonal-experience.pdf"
"False","205413",".pdf","library.prev-20260222-171600/pdfs/what-is-it-like-to-in-weightlessness-steven-jillings-alius-bulletin-n-6-1.pdf"
"False","205413",".pdf","library.prev-20260222-173158/pdfs/what-is-it-like-to-in-weightlessness-steven-jillings-alius-bulletin-n-6-1.pdf"
"False","205028",".pdf","library.prev-20260222-171600/pdfs/what-is-it-like-to-in-weightlessness-steven-jillings-alius-bulletin-n-6.pdf"
"False","205028",".pdf","library.prev-20260222-173158/pdfs/what-is-it-like-to-in-weightlessness-steven-jillings-alius-bulletin-n-6.pdf"
"False","205028",".pdf","library/pdfs/what-is-it-like-to-in-weightlessness-steven-jillings-alius-bulletin-n-6.pdf"
"False","205013",".pdf","library.prev-20260222-171600/pdfs/what-is-it-like-to-in-weightlessness-steven-jillings-alius-bulletin-n-6-2.pdf"
"False","205013",".pdf","library.prev-20260222-173158/pdfs/what-is-it-like-to-in-weightlessness-steven-jillings-alius-bulletin-n-6-2.pdf"
"False","205013",".pdf","library/pdfs/what-is-it-like-to-in-weightlessness-steven-jillings-alius-bulletin-n-6-2.pdf"
"False","203398",".pdf","library.prev-20260222-171600/pdfs/what-is-it-like-to-in-weightlessness-steven-jillings-alius-bulletin-6.pdf"
"False","203398",".pdf","library.prev-20260222-173158/pdfs/what-is-it-like-to-in-weightlessness-steven-jillings-alius-bulletin-6.pdf"
"False","203398",".pdf","library/pdfs/what-is-it-like-to-in-weightlessness-steven-jillings-alius-bulletin-6.pdf"
"False","198673",".gif","media.prev-20260222-173158/images/alius-eventbanner-template-jc-nr03-3.gif"
"False","198200",".pdf","library.prev-20260222-171600/pdfs/what-is-it-like-to-be-asleep-matthieu-koroma-alius-bulletin-6.pdf"
"False","198200",".pdf","library.prev-20260222-173158/pdfs/what-is-it-like-to-be-asleep-matthieu-koroma-alius-bulletin-6.pdf"
"False","195636",".pdf","library.prev-20260222-171600/pdfs/what-is-it-like-to-sleep-matthieu-koroma-bulletin-6.pdf"
"False","195636",".pdf","library.prev-20260222-173158/pdfs/what-is-it-like-to-sleep-matthieu-koroma-bulletin-6.pdf"
"False","195636",".pdf","library/pdfs/what-is-it-like-to-sleep-matthieu-koroma-bulletin-6.pdf"
"False","195627",".pdf","library.prev-20260222-171600/pdfs/bulletin-6-what-is-it-like-to-sleep.pdf"
"False","195627",".pdf","library.prev-20260222-173158/pdfs/bulletin-6-what-is-it-like-to-sleep.pdf"
"False","195627",".pdf","library/pdfs/bulletin-6-what-is-it-like-to-sleep.pdf"
"False","194852",".pdf","library.prev-20260222-171600/pdfs/alius-episode-what-is-it-like-to-be-asleep-2022-1.pdf"
"False","194852",".pdf","library.prev-20260222-173158/pdfs/alius-episode-what-is-it-like-to-be-asleep-2022-1.pdf"
"False","194734",".png","media.prev-20260222-173158/images/alfredo-headshot-2022-small-alfredo-parra-orig.png"
"False","193944",".png","media.prev-20260222-173158/images/arrival-copy-orig.png"
"False","192093",".png","media.prev-20260222-171600/images/negative-orig.png"
"False","192093",".png","media.prev-20260222-173158/images/negative-orig.png"
"False","192079",".pdf","library.prev-20260222-171600/pdfs/what-is-it-like-to-be-in-early-sensory-life-anna-ciaunica-alius-bulletin-6.pdf"
"False","192079",".pdf","library.prev-20260222-173158/pdfs/what-is-it-like-to-be-in-early-sensory-life-anna-ciaunica-alius-bulletin-6.pdf"
"False","189224",".pdf","library.prev-20260222-171600/pdfs/what-is-it-like-to-be-in-early-sensory-life-anna-ciaunica.pdf"
"False","189224",".pdf","library.prev-20260222-173158/pdfs/what-is-it-like-to-be-in-early-sensory-life-anna-ciaunica.pdf"
"False","189224",".pdf","library/pdfs/what-is-it-like-to-be-in-early-sensory-life-anna-ciaunica.pdf"
"False","184368",".pdf","library.prev-20260222-171600/pdfs/alius-interview-with-robert-sapolsky-2022.pdf"
"False","184368",".pdf","library.prev-20260222-173158/pdfs/alius-interview-with-robert-sapolsky-2022.pdf"
"False","184365",".pdf","library.prev-20260222-171600/pdfs/alius-interview-robert-sapolsky-2022.pdf"
"False","184365",".pdf","library.prev-20260222-171600/pdfs/alius-interview-robert-sapolsky-2022-3.pdf"
"False","184365",".pdf","library.prev-20260222-173158/pdfs/alius-interview-robert-sapolsky-2022.pdf"
"False","184365",".pdf","library.prev-20260222-173158/pdfs/alius-interview-robert-sapolsky-2022-3.pdf"
"False","184365",".pdf","library/pdfs/alius-interview-robert-sapolsky-2022.pdf"
"False","184365",".pdf","library/pdfs/alius-interview-robert-sapolsky-2022-3.pdf"
"False","183890",".pdf","library.prev-20260222-171600/pdfs/mccarthy-jones-the-phenomenon-of-voice-hearing.pdf"
"False","183890",".pdf","library.prev-20260222-173158/pdfs/mccarthy-jones-the-phenomenon-of-voice-hearing.pdf"
"False","178166",".png","media.prev-20260222-171600/images/departure-orig.png"
"False","178166",".png","media.prev-20260222-173158/images/departure-orig.png"
"False","176403",".jpg","media.prev-20260222-173158/images/alius-eventbanner-template-jc-nr12-2.jpg"
"False","169128",".ttf","assets/vendor/editmysite/cdn11.editmysite.com/fonts/Proxima-Semibold/267447_5_0.ttf"
"False","167727",".jpg","media.prev-20260222-173158/images/alius-eventbanner-template-jc-nr-13-2.jpg"
"False","167225",".pdf","library.prev-20260222-171600/pdfs/bulletin03-dennettinterview.pdf"
"False","167225",".pdf","library.prev-20260222-173158/pdfs/bulletin03-dennettinterview.pdf"
"False","166615",".png","media.prev-20260222-173158/images/coveralius6-final3-1.png"
"False","165255",".png","media.prev-20260222-173158/images/alius3-1.png"
"False","158027",".pdf","library.prev-20260222-171600/pdfs/o-regan-on-the-feel-of-things.pdf"
"False","158027",".pdf","library.prev-20260222-173158/pdfs/o-regan-on-the-feel-of-things.pdf"
"False","155940",".png","media.prev-20260222-173158/images/alfredo-headshot-2022-small-alfredo-parra-circle-4.png"
"False","154722",".png","media.prev-20260222-173158/images/alius2-4.png"
"False","154493",".jpeg","media.prev-20260222-173158/images/bf2219f7-6fae-4142-a471-48f13ae4193a-1-201-a-1.jpeg"
"False","154413",".gif","media.prev-20260222-173158/images/alius-eventbanner-template-3.gif"
"False","153065",".png","media.prev-20260222-171600/images/front-cover-2.png"
"False","153065",".png","media.prev-20260222-173158/images/front-cover-2.png"
"False","150068",".pdf","library.prev-20260222-171600/pdfs/hohwy-on-different-ways-of-being-conscious.pdf"
"False","150068",".pdf","library.prev-20260222-173158/pdfs/hohwy-on-different-ways-of-being-conscious.pdf"
"False","149830",".png","media.prev-20260222-173158/images/coveralius7-orig.png"
"False","145677",".pdf","library.prev-20260222-171600/pdfs/seligman-towards-a-biocultural-approach-of-dissociative-consciousness.pdf"
"False","145677",".pdf","library.prev-20260222-173158/pdfs/seligman-towards-a-biocultural-approach-of-dissociative-consciousness.pdf"
"False","142911",".jpg","media.prev-20260222-171600/images/header2-orig.jpg"
"False","142911",".jpg","media.prev-20260222-173158/images/header2-orig.jpg"
"False","138703",".png","media.prev-20260222-171600/images/program1-orig.png"
"False","138703",".png","media.prev-20260222-173158/images/program1-orig.png"
"False","129691",".pdf","library.prev-20260222-171600/pdfs/aaa-2019-panel-abstract-canna-seligman-somatic-cultures.pdf"
"False","129691",".pdf","library.prev-20260222-173158/pdfs/aaa-2019-panel-abstract-canna-seligman-somatic-cultures.pdf"
"False","124377",".pdf","library.prev-20260222-171600/pdfs/bulletin03-bayneinterview.pdf"
"False","124377",".pdf","library.prev-20260222-173158/pdfs/bulletin03-bayneinterview.pdf"
"False","123471",".png","media.prev-20260222-171600/images/psychedelics.png"
"False","123471",".png","media.prev-20260222-173158/images/psychedelics.png"
"False","122086",".pdf","library.prev-20260222-171600/pdfs/bulletin03-dienesinterview.pdf"
"False","122086",".pdf","library.prev-20260222-173158/pdfs/bulletin03-dienesinterview.pdf"
"False","118084",".pdf","library.prev-20260222-171600/pdfs/alius-policy-oct25.pdf"
"False","118084",".pdf","library.prev-20260222-173158/pdfs/alius-policy-oct25.pdf"
"False","112422",".pdf","library.prev-20260222-171600/pdfs/bulletin03-prellerinterview.pdf"
"False","112422",".pdf","library.prev-20260222-173158/pdfs/bulletin03-prellerinterview.pdf"
"False","110415",".png","media.prev-20260222-171600/images/portrait-1-format-carre-4-jpg-1.png"
"False","110415",".png","media.prev-20260222-173158/images/portrait-1-format-carre-4-jpg-1.png"
"False","110365",".png","media.prev-20260222-171600/images/portrait-1-format-carre-4-jpg-1-orig-1.png"
"False","110365",".png","media.prev-20260222-173158/images/portrait-1-format-carre-4-jpg-1-orig-1.png"
"False","109754",".jpg","media.prev-20260222-171600/images/viscereality-banner-orig.jpg"
"False","109754",".jpg","media.prev-20260222-173158/images/viscereality-banner-orig.jpg"
"False","109556",".jpg","media.prev-20260222-173158/images/293757246-10217187236033323-3017171785644245039-n-1.jpg"
"False","102814",".png","media.prev-20260222-171600/images/hallucinations.png"
"False","102814",".png","media.prev-20260222-173158/images/hallucinations.png"
"False","98124",".png","media.prev-20260222-171600/images/trevor-orig.png"
"False","98124",".png","media.prev-20260222-173158/images/trevor-orig.png"
"False","97878",".jpg","media.prev-20260222-171600/images/img-1590-1.jpg"
"False","97878",".jpg","media.prev-20260222-173158/images/img-1590-1.jpg"
"False","97556",".jpg","media.prev-20260222-173158/images/coverbulletin5-orig.jpg"
"False","97470",".jpg","media.prev-20260222-173158/images/bewerbungsfoto-aline-frick-1-orig.jpg"
"False","89119",".pdf","library.prev-20260222-171600/pdfs/cv-g-fejer.pdf"
"False","89119",".pdf","library.prev-20260222-173158/pdfs/cv-g-fejer.pdf"
"False","86192",".png","media.prev-20260222-173158/images/1479997848-11.png"
"False","85824",".webp","media.prev-20260222-171600/images/dall-e-2024-05-29-18-42-46-a-17th-century-style-pencil-sketch-of-a-black-and-white-abacus-with-everything-in-white-except-for-the-outlines-and-thin-shadows-in-black-the-sketch-orig.webp"
"False","85824",".webp","media.prev-20260222-173158/images/dall-e-2024-05-29-18-42-46-a-17th-century-style-pencil-sketch-of-a-black-and-white-abacus-with-everything-in-white-except-for-the-outlines-and-thin-shadows-in-black-the-sketch-orig.webp"
"False","85452",".png","media.prev-20260222-171600/images/trance.png"
"False","85452",".png","media.prev-20260222-173158/images/trance.png"
"False","84797",".js","assets/vendor/weebly-site.prev-20260222-173158/files/theme/files/plugins.js"
"False","83518",".webp","media.prev-20260222-171600/images/dall-e-2024-05-29-19-29-58-a-minimalistic-black-and-white-pencil-sketch-in-the-17th-century-style-of-gerard-van-gutschoven-depicting-a-conductor-standing-above-a-group-of-peopl-orig.webp"
"False","83518",".webp","media.prev-20260222-173158/images/dall-e-2024-05-29-19-29-58-a-minimalistic-black-and-white-pencil-sketch-in-the-17th-century-style-of-gerard-van-gutschoven-depicting-a-conductor-standing-above-a-group-of-peopl-orig.webp"
"False","83404",".woff","assets/vendor/editmysite/cdn11.editmysite.com/fonts/Proxima-Light/267447_4_0.woff"
"False","76263",".png","media.prev-20260222-171600/images/delusion.png"
"False","76263",".png","media.prev-20260222-173158/images/delusion.png"
"False","74730",".webp","media.prev-20260222-171600/images/dall-e-2024-05-29-20-55-18-a-minimalistic-black-and-white-pencil-sketch-in-the-style-of-gerard-van-gutschoven-the-sketch-shows-three-interconnected-train-carts-going-horizontal-orig.webp"
"False","74730",".webp","media.prev-20260222-173158/images/dall-e-2024-05-29-20-55-18-a-minimalistic-black-and-white-pencil-sketch-in-the-style-of-gerard-van-gutschoven-the-sketch-shows-three-interconnected-train-carts-going-horizontal-orig.webp"
"False","74562",".png","media.prev-20260222-171600/images/dreaming.png"
"False","74562",".png","media.prev-20260222-173158/images/dreaming.png"
"False","73059",".jpg","media.prev-20260222-173158/images/consciousnessinducers-orig.jpg"
"False","71730",".woff","assets/vendor/editmysite/cdn11.editmysite.com/fonts/Proxima-Semibold/267447_5_0.woff"
"False","71631",".png","media.prev-20260222-171600/images/psychosis.png"
"False","71631",".png","media.prev-20260222-173158/images/psychosis.png"
"False","71234",".png","media.prev-20260222-171600/images/dmt.png"
"False","71234",".png","media.prev-20260222-173158/images/dmt.png"
"False","70211",".jpg","media.prev-20260222-173158/images/94518046-542038530053425-7176690141715496960-n-1.jpg"
"False","69457",".png","media.prev-20260222-171600/images/francoistadel-1.png"
"False","69457",".png","media.prev-20260222-173158/images/francoistadel-1.png"
"False","68876",".jpg","media.prev-20260222-173158/images/50720462-10156998651687436-9135200687594930176-n-1.jpg"
"False","67040",".png","media.prev-20260222-171600/images/vrachos.png"
"False","67040",".png","media.prev-20260222-173158/images/vrachos.png"
"False","66730",".png","media.prev-20260222-173158/images/bajil-4-1.png"
"False","66502",".webp","media.prev-20260222-171600/images/dall-e-2024-05-29-19-59-44-a-minimalistic-black-and-white-pencil-sketch-in-the-style-of-gerard-van-gutschoven-featuring-thin-lines-for-shading-and-contours-the-sketch-shows-a-orig.webp"
"False","66502",".webp","media.prev-20260222-173158/images/dall-e-2024-05-29-19-59-44-a-minimalistic-black-and-white-pencil-sketch-in-the-style-of-gerard-van-gutschoven-featuring-thin-lines-for-shading-and-contours-the-sketch-shows-a-orig.webp"
"False","64715",".eot","assets/vendor/editmysite/cdn11.editmysite.com/fonts/Proxima-Light/267447_4_0.eot"
"False","62922",".png","media.prev-20260222-171600/images/meditation.png"
"False","62922",".png","media.prev-20260222-173158/images/meditation.png"
"False","61586",".jpg","media.prev-20260222-171600/images/foto-juan-60-1.jpg"
"False","61586",".jpg","media.prev-20260222-173158/images/foto-juan-60-1.jpg"
"False","60074",".eot","assets/vendor/editmysite/cdn11.editmysite.com/fonts/Proxima-Semibold/267447_5_0.eot"
"False","58506",".pdf","library.prev-20260222-171600/pdfs/guidelines-alius-blog.pdf"
"False","58506",".pdf","library.prev-20260222-173158/pdfs/guidelines-alius-blog.pdf"
"False","56162",".jpg","media.prev-20260222-173158/images/240321-dm-charlottemartial-140-photoroom1-1.jpg"
"False","55572",".png","media.prev-20260222-171600/images/spiritual-experience.png"
"False","55572",".png","media.prev-20260222-173158/images/spiritual-experience.png"
"False","52899",".png","media.prev-20260222-171600/images/natural-context.png"
"False","52899",".png","media.prev-20260222-173158/images/natural-context.png"
"False","52705",".png","media.prev-20260222-171600/images/spyridakis-2.png"
"False","52705",".png","media.prev-20260222-173158/images/spyridakis-2.png"
"False","52328",".png","media.prev-20260222-171600/images/image2-alpowypgzvtke2n9-james-sanders-circle-orig.png"
"False","52328",".png","media.prev-20260222-173158/images/image2-alpowypgzvtke2n9-james-sanders-circle-orig.png"
"False","51465",".png","media.prev-20260222-171600/images/physiopheno3-orig.png"
"False","51465",".png","media.prev-20260222-173158/images/physiopheno3-orig.png"
"False","51111",".jpg","media.prev-20260222-173158/images/aliceguyon-1.jpg"
"False","49925",".png","media.prev-20260222-171600/images/mystical-experience.png"
"False","49925",".png","media.prev-20260222-173158/images/mystical-experience.png"
"False","49777",".png","media.prev-20260222-173158/images/cyril-costines-1.png"
"False","47975",".jpg","media.prev-20260222-173158/images/berlingreen-orig.jpg"
"False","46934",".png","media.prev-20260222-173158/images/absorption.png"
"False","46747",".png","media.prev-20260222-171600/images/dissociation.png"
"False","46747",".png","media.prev-20260222-173158/images/dissociation.png"
"False","45738",".jpeg","media.prev-20260222-171600/images/img-2388-3.jpeg"
"False","45738",".jpeg","media.prev-20260222-173158/images/img-2388-3.jpeg"
"False","42409",".png","media.prev-20260222-171600/images/hypnosis.png"
"False","42409",".png","media.prev-20260222-173158/images/hypnosis.png"
"False","41297",".png","media.prev-20260222-171600/images/possession.png"
"False","41297",".png","media.prev-20260222-173158/images/possession.png"
"False","41071",".png","media.prev-20260222-171600/images/l-glutamate-structural-formulae-1.png"
"False","41071",".png","media.prev-20260222-173158/images/l-glutamate-structural-formulae-1.png"
"False","35436",".png","media.prev-20260222-171600/images/schizophrenia.png"
"False","35436",".png","media.prev-20260222-173158/images/schizophrenia.png"
"False","35035",".png","media.prev-20260222-171600/images/virtual-reality.png"
"False","35035",".png","media.prev-20260222-173158/images/virtual-reality.png"
"False","32552",".jpg","media.prev-20260222-171600/images/picture1-1.jpg"
"False","32552",".jpg","media.prev-20260222-173158/images/picture1-1.jpg"
"False","32276",".png","media.prev-20260222-173158/images/autism.png"
"False","31639",".png","media.prev-20260222-173158/images/abnormal-body-experiences.png"
"False","31015",".jpg","media.prev-20260222-171600/images/timo-schmidt-2.jpg"
"False","31015",".jpg","media.prev-20260222-173158/images/timo-schmidt-2.jpg"
"False","30133",".css","assets/vendor/weebly-site.prev-20260222-173158/files/main_style.css"
"False","29292",".png","assets/vendor/weebly-site.prev-20260222-173158/files/theme/files/images/social_icons.png"
"False","29292",".png","assets/vendor/weebly-site/files/theme/files/images/social_icons.png"
"False","28792",".gif","media.prev-20260222-173158/images/bunny-running-sticker-by-rabbits-world-2.gif"
"False","27472",".png","media.prev-20260222-171600/images/heraklionbusstop-orig.png"
"False","27472",".png","media.prev-20260222-173158/images/heraklionbusstop-orig.png"
"False","26917",".png","assets/vendor/weebly-site.prev-20260222-173158/files/theme/files/images/default_icons.png"
"False","26917",".png","assets/vendor/weebly-site/files/theme/files/images/default_icons.png"
"False","25072",".png","assets/vendor/editmysite/cdn11.editmysite.com/sprites/util/videojs/@2x-s2aff7e7d9a.png"
"False","23396",".png","assets/vendor/editmysite/cdn11.editmysite.com/images/util/videojs/@2x/sad-face.png"
"False","23182",".jpg","media.prev-20260222-171600/images/helenaaicher-orig.jpg"
"False","23182",".jpg","media.prev-20260222-173158/images/helenaaicher-orig.jpg"
"False","22779",".png","media.prev-20260222-171600/images/plane-orig.png"
"False","22779",".png","media.prev-20260222-173158/images/plane-orig.png"
"False","21741",".png","media.prev-20260222-171600/images/sleep.png"
"False","21741",".png","media.prev-20260222-173158/images/sleep.png"
"False","21699",".png","media.prev-20260222-171600/images/placebo.png"
"False","21699",".png","media.prev-20260222-173158/images/placebo.png"
"False","20773",".png","media.prev-20260222-171600/images/synesthesia.png"
"False","20773",".png","media.prev-20260222-173158/images/synesthesia.png"
"False","20760",".png","assets/vendor/weebly-site.prev-20260222-173158/files/theme/files/images/teal_icons.png"
"False","20760",".png","assets/vendor/weebly-site/files/theme/files/images/teal_icons.png"
"False","20759",".png","assets/vendor/weebly-site.prev-20260222-173158/files/theme/files/images/green_icons.png"
"False","20759",".png","assets/vendor/weebly-site/files/theme/files/images/green_icons.png"
"False","20746",".png","assets/vendor/weebly-site.prev-20260222-173158/files/theme/files/images/red_icons.png"
"False","20746",".png","assets/vendor/weebly-site/files/theme/files/images/red_icons.png"
"False","20631",".png","assets/vendor/weebly-site.prev-20260222-173158/files/theme/files/images/pink_icons.png"
"False","20631",".png","assets/vendor/weebly-site/files/theme/files/images/pink_icons.png"
"False","20629",".png","assets/vendor/weebly-site.prev-20260222-173158/files/theme/files/images/orange_icons.png"
"False","20629",".png","assets/vendor/weebly-site/files/theme/files/images/orange_icons.png"
"False","20300",".jpg","media.prev-20260222-173158/images/13901414-548004405402938-2065548624124371185-n-1.jpg"
"False","19849",".png","media.prev-20260222-171600/images/derealization.png"
"False","19849",".png","media.prev-20260222-173158/images/derealization.png"
"False","19604",".png","media.prev-20260222-171600/images/neurostimulation.png"
"False","19604",".png","media.prev-20260222-173158/images/neurostimulation.png"
"False","18684",".jpg","media.prev-20260222-171600/images/runway-2024-04-17t14-27-42-920z-expand-image-orig.jpg"
"False","18684",".jpg","media.prev-20260222-173158/images/runway-2024-04-17t14-27-42-920z-expand-image-orig.jpg"
"False","17941",".png","media.prev-20260222-171600/images/lsd.png"
"False","17941",".png","media.prev-20260222-173158/images/lsd.png"
"False","13593",".jpg","media.prev-20260222-171600/images/fernandapalhano-1.jpg"
"False","13593",".jpg","media.prev-20260222-173158/images/fernandapalhano-1.jpg"
"False","12668",".png","media.prev-20260222-171600/images/risk-reward.png"
"False","12668",".png","media.prev-20260222-173158/images/risk-reward.png"
"False","12168",".png","assets/vendor/editmysite/cdn11.editmysite.com/images/site/checkout/@2x/credit-cards.png"
"False","11573",".png","assets/vendor/editmysite/cdn11.editmysite.com/images/util/videojs/sad-face.png"
"False","11560",".jpg","media.prev-20260222-171600/images/rebeccaseligman-168-1.jpg"
"False","11560",".jpg","media.prev-20260222-173158/images/rebeccaseligman-168-1.jpg"
"False","11134",".jpg","media.prev-20260222-173158/images/1718307750364-3.jpg"
"False","10847",".png","assets/vendor/editmysite/cdn11.editmysite.com/sprites/util/videojs-sacae758aa2.png"
"False","10816",".swf","assets/vendor/weebly-site.prev-20260222-171600/apps/audioPlayer2.swf"
"False","10816",".swf","assets/vendor/weebly-site.prev-20260222-173158/apps/audioPlayer2.swf"
"False","10816",".swf","assets/vendor/weebly-site/apps/audioPlayer2.swf"
"False","10411",".js","assets/vendor/weebly-site.prev-20260222-173158/files/theme/files/mobile.js"
"False","10405",".jpeg","media.prev-20260222-173158/images/1516895618013-2-2.jpeg"
"False","9936",".png","assets/vendor/editmysite/cdn11.editmysite.com/images/common/social_icons.png"
"False","9692",".jpg","media.prev-20260222-173158/images/bucci-7-1.jpg"
"False","9547",".jpeg","media.prev-20260222-171600/images/pcid-1273213.jpeg"
"False","9547",".jpeg","media.prev-20260222-173158/images/pcid-1273213.jpeg"
"False","9225",".jpg","media.prev-20260222-173158/images/csm-tzvetan-050560ecaf-4.jpg"
"False","7129",".jpeg","media.prev-20260222-171600/images/eirini-ketzitzidou-argyri-1-2.jpeg"
"False","7129",".jpeg","media.prev-20260222-173158/images/eirini-ketzitzidou-argyri-1-2.jpeg"
"False","6668",".png","assets/vendor/weebly-site.prev-20260222-173158/files/theme/files/images/yellow_icons.png"
"False","6668",".png","assets/vendor/weebly-site/files/theme/files/images/yellow_icons.png"
"False","6657",".png","assets/vendor/weebly-site.prev-20260222-173158/files/theme/files/images/blue_icons.png"
"False","6657",".png","assets/vendor/weebly-site/files/theme/files/images/blue_icons.png"
"False","6448",".png","assets/vendor/editmysite/cdn11.editmysite.com/images/util/videojs/@2x/play-icon.png"
"False","5871",".png","assets/vendor/editmysite/cdn11.editmysite.com/images/old/slideshow/header_slideshow_sprites1x.png"
"False","5668",".png","assets/vendor/editmysite/cdn11.editmysite.com/images/util/videojs/@2x/loading-icon.png"
"False","5445",".png","assets/vendor/editmysite/cdn11.editmysite.com/images/old/photoswipe/icons@2x.png"
"False","5181",".png","assets/vendor/editmysite/cdn11.editmysite.com/images/site/checkout/credit-cards.png"
"False","5023",".png","assets/vendor/editmysite/cdn11.editmysite.com/images/old/slideshow/header_slideshow_sprites.png"
"False","4642",".gif","assets/vendor/editmysite/cdn11.editmysite.com/images/util/loading-white-w24.gif"
"False","4628",".jpg","media.prev-20260222-171600/images/sacchet-1.jpg"
"False","4628",".jpg","media.prev-20260222-173158/images/sacchet-1.jpg"
"False","4106",".png","assets/vendor/editmysite/cdn11.editmysite.com/images/old/button/large_grey.png"
"False","4034",".png","assets/vendor/editmysite/cdn11.editmysite.com/images/common/buttons/small_grey.png"
"False","3902",".png","assets/vendor/editmysite/cdn11.editmysite.com/images/common/buttons/large_blue.png"
"False","3866",".gif","assets/vendor/editmysite/cdn11.editmysite.com/images/old/fancybox/fancybox_loading.gif"
"False","3620",".png","assets/vendor/editmysite/cdn11.editmysite.com/images/common/buttons/small_blue.png"
"False","3453",".jpg","media.prev-20260222-173158/images/buchborn-tobias-1-2.jpg"
"False","3434",".png","assets/vendor/editmysite/cdn11.editmysite.com/images/util/videojs/play-icon.png"
"False","3431",".gif","assets/vendor/editmysite/cdn11.editmysite.com/images/old/photoswipe/error.gif"
"False","3386",".png","assets/vendor/editmysite/cdn11.editmysite.com/images/util/videojs/loading-icon.png"
"False","3346",".png","assets/vendor/editmysite/cdn11.editmysite.com/images/old/photoswipe/icons.png"
"False","3318",".png","assets/vendor/editmysite/cdn11.editmysite.com/images/util/videojs/blue-bar.png"
"False","3316",".png","assets/vendor/editmysite/cdn11.editmysite.com/images/util/videojs/white-bar.png"
"False","3233",".js","assets/vendor/weebly-site.prev-20260222-173158/files/theme/files/custom.js"
"False","3208",".gif","assets/vendor/editmysite/cdn11.editmysite.com/images/old/photoswipe/loader.gif"
"False","3056",".png","assets/vendor/editmysite/cdn11.editmysite.com/images/site/checkout/@2x/paypal.png"
"False","2964",".gif","assets/vendor/editmysite/cdn11.editmysite.com/images/old/loading.gif"
"False","2705",".jpg","assets/vendor/editmysite/cdn11.editmysite.com/images/util/inputs/search-input-bg.jpg"
"False","1902",".png","assets/vendor/editmysite/cdn11.editmysite.com/images/site/checkout/paypal.png"
"False","1865",".png","assets/vendor/editmysite/cdn11.editmysite.com/images/common/checkmarks/@2x/checkmark-mini.png"
"False","1849",".gif","assets/vendor/editmysite/cdn11.editmysite.com/images/vendor/select2/select2-spinner.gif"
"False","1651",".png","assets/vendor/editmysite/cdn11.editmysite.com/images/common/magnifying-glass.png"
"False","1462",".png","assets/vendor/editmysite/cdn11.editmysite.com/images/util/spinner/spinner-light.png"
"False","1458",".png","assets/vendor/editmysite/cdn11.editmysite.com/images/site/checkout/print@2x.png"
"False","1427",".png","assets/vendor/editmysite/cdn11.editmysite.com/images/util/spinner/spinner-dark.png"
"False","1379",".png","assets/vendor/editmysite/cdn11.editmysite.com/images/util/videojs/@2x/minimize-icon.png"
"False","1363",".png","assets/vendor/editmysite/cdn11.editmysite.com/images/common/search-light.png"
"False","1362",".png","assets/vendor/editmysite/cdn11.editmysite.com/images/old/fancybox/fancybox_sprite.png"
"False","1339",".png","assets/vendor/editmysite/cdn11.editmysite.com/images/common/checkmarks/checkmark-mini.png"
"False","1336",".json","assets/vendor/weebly-site.prev-20260222-173158/files/theme/files/manifest.json"
"False","1336",".json","assets/vendor/weebly-site/files/theme/files/manifest.json"
"False","1333",".png","assets/vendor/editmysite/cdn11.editmysite.com/images/util/videojs/@2x/volume-filled.png"
"False","1312",".png","assets/vendor/editmysite/cdn11.editmysite.com/images/util/videojs/@2x/maximize-icon.png"
"False","1303",".png","assets/vendor/editmysite/cdn11.editmysite.com/images/util/videojs/@2x/volume-mute.png"
"False","1188",".png","assets/vendor/editmysite/cdn11.editmysite.com/images/util/videojs/minimize-icon.png"
"False","1179",".png","assets/vendor/editmysite/cdn11.editmysite.com/images/util/videojs/volume-mute.png"
"False","1147",".png","assets/vendor/editmysite/cdn11.editmysite.com/images/util/videojs/volume-filled.png"
"False","1146",".png","assets/vendor/editmysite/cdn11.editmysite.com/images/util/videojs/maximize-icon.png"
"False","1145",".png","assets/vendor/editmysite/cdn11.editmysite.com/images/site/checkout/print.png"
"False","1097",".gif","assets/vendor/editmysite/cdn11.editmysite.com/images/util/general/blank.gif"
"False","1079",".png","assets/vendor/weebly-site.prev-20260222-173158/files/theme/files/images/downarrow.png"
"False","1079",".png","assets/vendor/weebly-site/files/theme/files/images/downarrow.png"
"False","1067",".png","assets/vendor/editmysite/cdn11.editmysite.com/images/util/general/bottom-triangle-000@2x.png"
"False","1066",".png","assets/vendor/editmysite/cdn11.editmysite.com/images/util/general/top-triangle-000@2x.png"
"False","1066",".png","assets/vendor/editmysite/cdn11.editmysite.com/images/util/videojs/@2x/gradient.png"
"False","1062",".png","assets/vendor/editmysite/cdn11.editmysite.com/images/util/videojs/gradient.png"
"False","1011",".png","assets/vendor/editmysite/cdn11.editmysite.com/images/util/general/top-triangle-000.png"
"False","1002",".png","assets/vendor/editmysite/cdn11.editmysite.com/images/util/general/bottom-triangle-000.png"
"False","988",".png","assets/vendor/editmysite/cdn11.editmysite.com/images/common/search-pagination-bg.png"
"False","942",".png","assets/vendor/editmysite/cdn11.editmysite.com/images/util/videojs/@2x/blue-bar.png"
"False","934",".png","assets/vendor/editmysite/cdn11.editmysite.com/images/util/videojs/@2x/white-bar.png"
"False","923",".png","assets/vendor/editmysite/cdn11.editmysite.com/images/old/fancybox/fancybox_overlay.png"
"False","845",".png","assets/vendor/editmysite/cdn11.editmysite.com/images/vendor/select2/select2x2.png"
"False","714",".gif","assets/vendor/editmysite/cdn11.editmysite.com/images/loading.gif"
"False","637",".png","assets/vendor/editmysite/cdn11.editmysite.com/images/common/blog/dark-blog-comment-header-author.png"
"False","613",".png","assets/vendor/editmysite/cdn11.editmysite.com/images/vendor/select2/select2.png"
"False","606",".png","assets/vendor/editmysite/cdn11.editmysite.com/images/common/blog/dark-blog-comment-header.png"
"False","605",".png","assets/vendor/editmysite/cdn11.editmysite.com/images/common/blog/blog-comment-button.png"
"False","395",".png","assets/vendor/editmysite/cdn11.editmysite.com/images/common/blog/blog-comment-header.png"
"False","388",".png","assets/vendor/editmysite/cdn11.editmysite.com/images/common/blog/blog-comment-header-author.png"
"False","371",".gif","assets/vendor/editmysite/cdn11.editmysite.com/images/common/lightbox/prevlabel.gif"
"False","354",".gif","assets/vendor/editmysite/cdn11.editmysite.com/images/common/lightbox/nextlabel.gif"
"False","322",".png","assets/vendor/editmysite/cdn11.editmysite.com/images/common/blog/dark-blog-comment-pointer.png"
"False","271",".png","assets/vendor/editmysite/cdn11.editmysite.com/images/common/blog/blog-comment-pointer-author.png"
"False","268",".png","assets/vendor/editmysite/cdn11.editmysite.com/images/common/blog/dark-blog-comment-pointer-author.png"
"False","249",".png","assets/vendor/editmysite/cdn11.editmysite.com/images/common/blog/blog-comment-pointer.png"
"False","202",".png","assets/vendor/editmysite/cdn11.editmysite.com/images/common/blog/blog-comment-link.png"
"False","190",".png","assets/vendor/editmysite/cdn11.editmysite.com/images/common/blog/dark-blog-comment-link.png"
"False","187",".gif","assets/vendor/editmysite/cdn11.editmysite.com/images/old/slideshow/control_icons.gif"
"False","172",".png","assets/vendor/editmysite/cdn11.editmysite.com/images/common/blog/blog-comment-field-bg.png"
"False","46",".gif","assets/vendor/editmysite/cdn11.editmysite.com/images/common/form_input_bg.gif"
"False","43",".gif","assets/vendor/editmysite/cdn11.editmysite.com/images/blank.gif"
"False","43",".gif","assets/vendor/editmysite/cdn11.editmysite.com/images/old/fancybox/blank.gif"
"False","22","(none)","assets/vendor/weebly-site.prev-20260222-171600/files/theme/files/untitled1"
"False","22","(none)","assets/vendor/weebly-site.prev-20260222-173158/files/theme/files/untitled1"
"False","22","(none)","assets/vendor/weebly-site/files/theme/files/untitled1"
